{
  "registration": [
    {
      "id": 1,
      "firstName": "akash",
      "email": "akash@gmail.com",
      "password": "12345"
    },
    {
      "username": "Manigandan",
      "email": "mani@gmail.com",
      "password": "123456",
      "id": 2
    },
    {
      "name": "Kiruba",
      "email": "kiruba@gmail.com",
      "password": "987654",
      "id": 3
    },
    {
      "username": "Manigandan",
      "email": "mani@gmail.com",
      "password": "123456",
      "id": 4
    },
    {
      "username": "Manigandan",
      "email": "mani@gmail.com",
      "password": "123456",
      "id": 5
    },
    {
      "username": "Dharun",
      "email": "dharun@gmail.com",
      "password": "123456",
      "id": 6
    },
    {
      "firstName": "kiruba",
      "email": "kiruba@gmail.com",
      "password": "1234",
      "id": 7
    },
    {
      "username": "dharunraj",
      "email": "dharundharun@gmail.com",
      "password": "123456",
      "id": 8
    },
    {
      "username": "Hari Haran",
      "email": "hari@gmail.com",
      "password": "123456",
      "id": 9
    },
    {
      "username": "dvdvdd",
      "email": "dvdvd@gmail.com",
      "password": "123456",
      "id": 10
    },
    {
      "username": "yogalakshmi",
      "email": "yogu@gmail.com",
      "password": "123456",
      "id": 11
    }
  ],
  "book": [
    {
      "eName": "Master",
      "eCat": "Entertainment",
      "eAmount": "500",
      "ePaid": "Gpay",
      "eDate": "2023-04-01",
      "email": "mani@gmail.com",
      "id": 5
    },
    {
      "eName": "Moviedum dum",
      "eCat": "Entertainment",
      "eAmount": "10",
      "ePaid": "PayTm",
      "eDate": "2023-04-12",
      "email": "mani@gmail.com",
      "id": 6
    },
    {
      "eName": "Moviedum dum",
      "eCat": "Entertainment",
      "eAmount": "10",
      "ePaid": "PayTm",
      "eDate": "2023-04-12",
      "email": "mani@gmail.com",
      "id": 7
    },
    {
      "eName": "Moviedum dum",
      "eCat": "Entertainment",
      "eAmount": "10",
      "ePaid": "PayTm",
      "eDate": "2023-04-12",
      "email": "mani@gmail.com",
      "id": 8
    },
    {
      "eName": "Therla",
      "eCat": "Entertainment",
      "eAmount": "10",
      "ePaid": "PayTm",
      "eDate": "2023-04-12",
      "email": "mani@gmail.com",
      "id": 9
    },
    {
      "bookName": "kirumi1",
      "price": 0,
      "available": false,
      "email": "kiruba@gmail.com",
      "id": 10
    },
    {
      "bookName": "kirumi1",
      "price": 0,
      "available": false,
      "email": "kiruba@gmail.com",
      "id": 11
    }
  ],
  "ans": [],
  "question": [
    {
      "que": "What is Quora?",
      "ans": [
        {
          "answer": "Answer and question portal",
          "author": "dharun"
        },
        {
          "answer": "Dont'Know",
          "author": "kiruba"
        },
        {
          "answer": "this is yogu",
          "author": "yogu"
        }
      ],
      "Author": "mani",
      "email": "mani@gmail.com",
      "id": 8
    },
    {
      "que": "How to edit?",
      "ans": [
        {
          "answer": "Using premier pro",
          "author": "hari"
        },
        {
          "answer": "through skills",
          "author": "mani"
        }
      ],
      "Author": "hari",
      "email": "hari@gmail.com",
      "id": 9
    },
    {
      "que": "new question?",
      "ans": [
        {
          "answer": "new answer",
          "author": "mani"
        },
        {
          "answer": "hai yogu",
          "author": "yogu"
        }
      ],
      "Author": "mani",
      "email": "mani@gmail.com",
      "id": 10
    },
    {
      "que": "new ques?",
      "ans": [
        {
          "answer": "latest answer",
          "author": "yogu"
        }
      ],
      "Author": "yogu",
      "email": "yogu@gmail.com",
      "id": 11
    }
  ]
}